{"accuracy": [0.03680000081658363, 0.05728000029921532, 0.07327999919652939, 0.11711999773979187, 0.1648000031709671, 0.23520000278949738, 0.3014400005340576, 0.39904001355171204, 0.4819200038909912, 0.5526400208473206, 0.6243199706077576, 0.6835200190544128, 0.7382400035858154, 0.7734400033950806, 0.814079999923706, 0.8217599987983704, 0.8575999736785889, 0.8716800212860107, 0.8736000061035156, 0.8643199801445007, 0.8889600038528442, 0.895039975643158, 0.9116799831390381, 0.8963199853897095, 0.9142400026321411, 0.923520028591156, 0.9155200123786926, 0.9315199851989746, 0.9097599983215332, 0.9312000274658203, 0.9379199743270874, 0.9465600252151489, 0.9340800046920776, 0.9484800100326538, 0.9510400295257568, 0.9459199905395508, 0.9379199743270874, 0.9455999732017517, 0.937279999256134, 0.9459199905395508, 0.9408000111579895, 0.9542400240898132, 0.9417600035667419, 0.9327999949455261, 0.944320023059845, 0.9574400186538696, 0.9616000056266785, 0.9587200284004211, 0.955839991569519, 0.9548799991607666], "loss": [13.314740180969238, 3.468993663787842, 3.3256680965423584, 3.1799025535583496, 3.022437810897827, 2.771479606628418, 2.4516499042510986, 2.127302408218384, 1.796976923942566, 1.5133706331253052, 1.2971831560134888, 1.0621442794799805, 0.9045641422271729, 0.7889808416366577, 0.6546465754508972, 0.61081463098526, 0.5083157420158386, 0.43192875385284424, 0.4287050664424896, 0.4708530008792877, 0.4064105153083801, 0.3716942071914673, 0.3114972412586212, 0.36492350697517395, 0.29518967866897583, 0.2915974259376526, 0.2879551649093628, 0.27946725487709045, 0.31785574555397034, 0.23684664070606232, 0.22601903975009918, 0.19871807098388672, 0.23033544421195984, 0.197394460439682, 0.1688106656074524, 0.18530645966529846, 0.22715681791305542, 0.18968792259693146, 0.25116661190986633, 0.17368271946907043, 0.20792773365974426, 0.18323829770088196, 0.20488715171813965, 0.2564575672149658, 0.19806578755378723, 0.1424729973077774, 0.13922622799873352, 0.14918135106563568, 0.16195955872535706, 0.15665322542190552], "val_accuracy": [0.0655270665884018, 0.10256410390138626, 0.18518517911434174, 0.3390313386917114, 0.47863247990608215, 0.621082603931427, 0.7606837749481201, 0.8176637887954712, 0.8660968542098999, 0.8945869207382202, 0.9145299196243286, 0.9088318943977356, 0.9116809368133545, 0.934472918510437, 0.9287749528884888, 0.9373219609260559, 0.945868968963623, 0.9430199265480042, 0.9430199265480042, 0.9544159770011902, 0.9544159770011902, 0.9515669345855713, 0.9515669345855713, 0.9544159770011902, 0.9544159770011902, 0.9544159770011902, 0.9544159770011902, 0.9572649598121643, 0.9572649598121643, 0.9515669345855713, 0.9487179517745972, 0.9487179517745972, 0.9572649598121643, 0.9544159770011902, 0.9515669345855713, 0.9601139426231384, 0.945868968963623, 0.9544159770011902, 0.9601139426231384, 0.9515669345855713, 0.9515669345855713, 0.9544159770011902, 0.9487179517745972, 0.9544159770011902, 0.9515669345855713, 0.9515669345855713, 0.9601139426231384, 0.945868968963623, 0.9601139426231384, 0.9572649598121643], "val_loss": [3.482360363006592, 3.335655450820923, 3.109456777572632, 2.8057339191436768, 2.462125539779663, 1.7897543907165527, 1.4008493423461914, 1.0620051622390747, 0.8116289973258972, 0.6098954677581787, 0.5517311096191406, 0.611757218837738, 0.5085722804069519, 0.3651621341705322, 0.40925636887550354, 0.40991806983947754, 0.4318965971469879, 0.3727511763572693, 0.409331351518631, 0.34219297766685486, 0.3829306662082672, 0.28676703572273254, 0.33556199073791504, 0.3997556269168854, 0.2914535105228424, 0.3392845094203949, 0.29675787687301636, 0.28566089272499084, 0.2999805212020874, 0.3782745599746704, 0.3925386965274811, 0.46581196784973145, 0.3413187265396118, 0.34012338519096375, 0.37612631916999817, 0.29857680201530457, 0.37543985247612, 0.3007805347442627, 0.31841161847114563, 0.3508101999759674, 0.3089800775051117, 0.3646481931209564, 0.32914987206459045, 0.28681525588035583, 0.3687998056411743, 0.376370370388031, 0.3404962718486786, 0.36923983693122864, 0.2769106328487396, 0.27329254150390625]}